Datum,Tid,Lag 1,Lag 2,Arena
2025-07-26,13:00,AIK,Älvsjö AIK FF,Älvsjö IP 1
2025-08-02,15:00,Örby IS,Arameisk-Syrianska IF,Hagsätra IP 1
2025-08-08,20:00,FoC Farsta FF,Syrianska Eskilstuna IF,Farsta IP 1
2025-08-09,16:00,Banjul FC,IFK Bromma,Knutby BP 1
2025-08-10,15:00,Älvsjö AIK FF,Husqvarna FF,Älvsjö IP 1
2025-08-10,20:00,BK Yardies,IF Söderkamraterna, Hammarbyhöjdens BP 1
2025-08-13,13:00,AIK,Djurgårdens IF FF,Skytteholms IP 1
2025-08-15,20:00,Älvsjö AIK FF,IFK Stockholm FK,Älvsjö IP 1
2025-08-16,14:00,Karlbergs BK,IFK Lidingö FK,Stadshagens IP 1
2025-08-20,20:30,Västerhaninge IF,Tyresö FF,Hanvedens IP 2
2025-08-23,13:00,Nacka FC,Korsnäs IF FK,Myrsjö IP 1
2025-08-24,17:45,IF Brommapojkarna,Täby FK,Grimsta IP 1
2025-08-29,20:00,Råsunda IS,IFK Bergshamra,Råsunda IP 1
2025-08-31,16:00,Hammarby IF FF,Piteå IF DFF,Hammarby IP 1